idx,name,code,text,cosine_to_target
0,n_qahftrxc_0,AbnFbmOHnK,"Record(name=n_qahftrxc_0, code=AbnFbmOHnK)",0.9050262774198881
1,n_vausieyi_1,ff0LYTH8xI,"Record(name=n_vausieyi_1, code=ff0LYTH8xI)",0.9393308685064705
2,n_vqwpsbfh_2,eogrNwwmq6,"Record(name=n_vqwpsbfh_2, code=eogrNwwmq6)",0.9335877930383398
3,n_qpesejzq_3,IQ0Wobtqn6,"Record(name=n_qpesejzq_3, code=IQ0Wobtqn6)",0.9267490207288306
4,n_wirkxlgg_4,IqK3yn9Ffc,"Record(name=n_wirkxlgg_4, code=IqK3yn9Ffc)",0.9416262951251526
5,n_cqukbjzn_5,81aSQHqNgA,"Record(name=n_cqukbjzn_5, code=81aSQHqNgA)",0.9398287377191579
6,n_lywgnexw_6,sNLjVHWGau,"Record(name=n_lywgnexw_6, code=sNLjVHWGau)",0.9313592881613094
7,n_aywvhbwy_7,fEeVVhDIq2,"Record(name=n_aywvhbwy_7, code=fEeVVhDIq2)",0.9206381452271895
8,n_lfosfizq_8,BGhnuKoneN,"Record(name=n_lfosfizq_8, code=BGhnuKoneN)",0.9342693180192926
9,n_fxwbgrfd_9,6JDWYlgAAC,"Record(name=n_fxwbgrfd_9, code=6JDWYlgAAC)",0.8885691095416525
10,n_srzckiwg_10,lBArp5B1Id,"Record(name=n_srzckiwg_10, code=lBArp5B1Id)",0.908181914555426
11,n_zvzywemf_11,ydx9qWCA79,"Record(name=n_zvzywemf_11, code=ydx9qWCA79)",0.9390086526218663
12,n_osehzpot_12,dKF0j7elKP,"Record(name=n_osehzpot_12, code=dKF0j7elKP)",0.9130778677759779
13,n_gdxgpqkp_13,G5mSoyPstU,"Record(name=n_gdxgpqkp_13, code=G5mSoyPstU)",0.9253102960206396
14,n_blzzbfgy_14,22wjZRL9Oa,"Record(name=n_blzzbfgy_14, code=22wjZRL9Oa)",0.8598572837952029
15,n_vhryddco_15,qLSmNqE40f,"Record(name=n_vhryddco_15, code=qLSmNqE40f)",0.9179073728470196
16,n_lhauqgto_16,Aae24HZKjh,"Record(name=n_lhauqgto_16, code=Aae24HZKjh)",0.9195738716239055
17,n_ixuwxfgc_17,W2zMj518Y2,"Record(name=n_ixuwxfgc_17, code=W2zMj518Y2)",0.9339408270317074
18,n_atiyuwvg_18,Wg21nYCsXo,"Record(name=n_atiyuwvg_18, code=Wg21nYCsXo)",0.9407383786904762
19,n_afiwzhqk_19,8H6h8l7qgA,"Record(name=n_afiwzhqk_19, code=8H6h8l7qgA)",0.9153395734180347
20,n_sipnkogs_20,a5HSUPwePu,"Record(name=n_sipnkogs_20, code=a5HSUPwePu)",0.8764710158762994
21,n_iwshikkh_21,hA6P3MsHar,"Record(name=n_iwshikkh_21, code=hA6P3MsHar)",0.9393837970810104
22,n_lprmlfmx_22,XkfFNuYUPn,"Record(name=n_lprmlfmx_22, code=XkfFNuYUPn)",0.9075972464377751
23,n_fagmwbkq_23,mREpOaUVgA,"Record(name=n_fagmwbkq_23, code=mREpOaUVgA)",0.9428351030822919
24,n_eynbgwlu_24,P9K63LSFZH,"Record(name=n_eynbgwlu_24, code=P9K63LSFZH)",0.9371682252212359
25,n_xtmggqtn_25,MrerqtHioR,"Record(name=n_xtmggqtn_25, code=MrerqtHioR)",0.9476342444241593
26,n_sbkokfkx_26,KR1VxavU07,"Record(name=n_sbkokfkx_26, code=KR1VxavU07)",0.9508224374958774
27,n_ktopffla_27,uQzkChMbyI,"Record(name=n_ktopffla_27, code=uQzkChMbyI)",0.9108913638807627
28,n_aqdmbjfi_28,VxUZpfbH9v,"Record(name=n_aqdmbjfi_28, code=VxUZpfbH9v)",0.916155368022706
29,n_quqtyfad_29,hPInRVkLUh,"Record(name=n_quqtyfad_29, code=hPInRVkLUh)",0.8929916625217307
30,n_vzcairyk_30,SeQMgV0Lh8,"Record(name=n_vzcairyk_30, code=SeQMgV0Lh8)",0.9320100512001921
31,n_ujljniwv_31,g7NZRBT7qY,"Record(name=n_ujljniwv_31, code=g7NZRBT7qY)",0.9307355727279726
32,n_nmltgwvc_32,2pCLxb0lnX,"Record(name=n_nmltgwvc_32, code=2pCLxb0lnX)",0.936578543301551
33,n_iwshaycs_33,EVQOEXfnQs,"Record(name=n_iwshaycs_33, code=EVQOEXfnQs)",0.9253981808792321
34,n_pmnltish_34,phlhHVlnES,"Record(name=n_pmnltish_34, code=phlhHVlnES)",0.9348413843074772
35,n_znhcffea_35,Hr8IRh1E2J,"Record(name=n_znhcffea_35, code=Hr8IRh1E2J)",0.9422876083744579
36,n_mlebymvk_36,eNdjIs9hVL,"Record(name=n_mlebymvk_36, code=eNdjIs9hVL)",0.9129285893112271
37,n_ufnllwzh_37,MLT6mnOjke,"Record(name=n_ufnllwzh_37, code=MLT6mnOjke)",0.9233655524505023
38,n_alphgssl_38,Q5WMO5AHO4,"Record(name=n_alphgssl_38, code=Q5WMO5AHO4)",0.9438896882099057
39,n_vbehtohd_39,QR6FEecAtp,"Record(name=n_vbehtohd_39, code=QR6FEecAtp)",0.9073483892977642
40,n_czvoyzrh_40,cUDO4lKNEf,"Record(name=n_czvoyzrh_40, code=cUDO4lKNEf)",0.928881973464279
41,n_jirwishy_41,YICtu8zF9O,"Record(name=n_jirwishy_41, code=YICtu8zF9O)",0.9380922592451056
42,n_okejtqtf_42,I5BRh8LojI,"Record(name=n_okejtqtf_42, code=I5BRh8LojI)",0.919698616269432
43,n_oczxldvm_43,SFqZ8pIx5F,"Record(name=n_oczxldvm_43, code=SFqZ8pIx5F)",0.9187504030675046
44,n_wwhukynv_44,rsK9EjHvIH,"Record(name=n_wwhukynv_44, code=rsK9EjHvIH)",0.9265824083803157
45,n_liesogub_45,URYxPY8EcF,"Record(name=n_liesogub_45, code=URYxPY8EcF)",0.9414413395213189
46,n_pwwlnlsk_46,OjD8uQO001,"Record(name=n_pwwlnlsk_46, code=OjD8uQO001)",0.9453607177575037
47,n_jistwabq_47,59UAgN2BR4,"Record(name=n_jistwabq_47, code=59UAgN2BR4)",0.946382506580247
48,n_buhjdnou_48,ke1Mo4iCpp,"Record(name=n_buhjdnou_48, code=ke1Mo4iCpp)",0.9401253499034326
49,n_auxrelip_49,NAp0mxDoJJ,"Record(name=n_auxrelip_49, code=NAp0mxDoJJ)",0.8814297123272573
50,n_zhzrhort_50,dLE4rXLvNM,"Record(name=n_zhzrhort_50, code=dLE4rXLvNM)",0.9240585890394031
51,n_rsrvqxqi_51,BJTfsUkiH8,"Record(name=n_rsrvqxqi_51, code=BJTfsUkiH8)",0.9425152545948107
52,n_nxvgvmut_52,vh7i71S87X,"Record(name=n_nxvgvmut_52, code=vh7i71S87X)",0.932778867938302
53,n_juanlrrp_53,Y6gob2I4nd,"Record(name=n_juanlrrp_53, code=Y6gob2I4nd)",0.9272726186064938
54,n_vxhkdyhm_54,g3iCPU6zUj,"Record(name=n_vxhkdyhm_54, code=g3iCPU6zUj)",0.9157591869167546
55,n_kcmkyajl_55,61gQH8wylh,"Record(name=n_kcmkyajl_55, code=61gQH8wylh)",0.869061857872986
56,n_wlrqpaug_56,hJeVmn1uj3,"Record(name=n_wlrqpaug_56, code=hJeVmn1uj3)",0.9411157611593284
57,n_awddgera_57,aWoukdTGUD,"Record(name=n_awddgera_57, code=aWoukdTGUD)",0.918922250402995
58,n_uncnybuw_58,GC7dDyQE4e,"Record(name=n_uncnybuw_58, code=GC7dDyQE4e)",0.9033095626585965
59,n_cpbhqoiz_59,GCLgR0OVSn,"Record(name=n_cpbhqoiz_59, code=GCLgR0OVSn)",0.9331016366652708
60,n_lfilkclr_60,xj5eZffTYI,"Record(name=n_lfilkclr_60, code=xj5eZffTYI)",0.9339665509080394
61,n_poidjrtw_61,S8LvJnOng0,"Record(name=n_poidjrtw_61, code=S8LvJnOng0)",0.9560663189207204
62,n_jtouvzvp_62,Nb5ZqlRtva,"Record(name=n_jtouvzvp_62, code=Nb5ZqlRtva)",0.9210844497122619
63,n_wokdqatf_63,AvwSWJfdjM,"Record(name=n_wokdqatf_63, code=AvwSWJfdjM)",0.9466954258276123
64,n_rhrmlhtc_64,ArQEPcyLas,"Record(name=n_rhrmlhtc_64, code=ArQEPcyLas)",0.9238760667880953
65,n_fdgiatej_65,RFZXe1cb51,"Record(name=n_fdgiatej_65, code=RFZXe1cb51)",0.9168856208516195
66,n_ooskcaiu_66,MZ5f0pKGyt,"Record(name=n_ooskcaiu_66, code=MZ5f0pKGyt)",0.9121580756539106
67,n_iiencnxj_67,TYYojmLVOk,"Record(name=n_iiencnxj_67, code=TYYojmLVOk)",0.9261907402692422
68,n_umttlyoq_68,M1MjeBsrdF,"Record(name=n_umttlyoq_68, code=M1MjeBsrdF)",0.9309227494955808
69,n_ilbvbwwp_69,FCIX3BYOtD,"Record(name=n_ilbvbwwp_69, code=FCIX3BYOtD)",0.9464980548005935
70,n_dbcxisne_70,pBBGjxrzuL,"Record(name=n_dbcxisne_70, code=pBBGjxrzuL)",0.8904843615522194
71,n_uqbcrhsr_71,42uKiv7RyK,"Record(name=n_uqbcrhsr_71, code=42uKiv7RyK)",0.9310652178257497
72,n_yijuvrvt_72,QGOAwwln6E,"Record(name=n_yijuvrvt_72, code=QGOAwwln6E)",0.9324313995343732
73,n_fdcvcuvw_73,cuVixkZVYk,"Record(name=n_fdcvcuvw_73, code=cuVixkZVYk)",0.9279520293017349
74,n_lkrglhtl_74,HtYDZw69Cr,"Record(name=n_lkrglhtl_74, code=HtYDZw69Cr)",0.9393614590243646
75,n_jnzvudgq_75,2Ig00rVq4j,"Record(name=n_jnzvudgq_75, code=2Ig00rVq4j)",0.9253009615100586
76,n_lyfljabn_76,o9xb50OXir,"Record(name=n_lyfljabn_76, code=o9xb50OXir)",0.9386075761668247
77,n_vsdslacg_77,ZITGgrscAX,"Record(name=n_vsdslacg_77, code=ZITGgrscAX)",0.92693910034715
78,n_lcxpangd_78,AMozPf8eGF,"Record(name=n_lcxpangd_78, code=AMozPf8eGF)",0.9181067577161961
79,n_zokmqzga_79,WvTMVTucHY,"Record(name=n_zokmqzga_79, code=WvTMVTucHY)",0.9233228927404361
80,n_eumsqvbu_80,Cscmc5F9Hp,"Record(name=n_eumsqvbu_80, code=Cscmc5F9Hp)",0.9107442239256321
81,n_tejuwidj_81,3U3x8EE5GX,"Record(name=n_tejuwidj_81, code=3U3x8EE5GX)",0.9289833257873255
82,n_scpvoicr_82,tLAQvc1v9r,"Record(name=n_scpvoicr_82, code=tLAQvc1v9r)",0.9235642986501307
83,n_zybqjury_83,iLWceWwxJL,"Record(name=n_zybqjury_83, code=iLWceWwxJL)",0.924070463281689
84,n_ryjtonkq_84,phTExIqqB9,"Record(name=n_ryjtonkq_84, code=phTExIqqB9)",0.9307021041390537
85,n_hxmdwlxl_85,fQ0tveH30S,"Record(name=n_hxmdwlxl_85, code=fQ0tveH30S)",0.9377667773328422
86,n_yqundfdu_86,bIwXILft9S,"Record(name=n_yqundfdu_86, code=bIwXILft9S)",0.9194566643819324
87,n_ntvbzqlr_87,v2WNl7A4dh,"Record(name=n_ntvbzqlr_87, code=v2WNl7A4dh)",0.9099926391660372
88,n_deisiyxv_88,pNIhsHFk6j,"Record(name=n_deisiyxv_88, code=pNIhsHFk6j)",0.9201955924949919
89,n_rspvovab_89,NJOVzNEMr7,"Record(name=n_rspvovab_89, code=NJOVzNEMr7)",0.9021875211248325
90,n_murhbblm_90,mLtST18iwI,"Record(name=n_murhbblm_90, code=mLtST18iwI)",0.9474462692971629
91,n_imggchjp_91,p1juJtVEFE,"Record(name=n_imggchjp_91, code=p1juJtVEFE)",0.9017232811257848
92,n_iaynzfjb_92,E2ODH0A2TV,"Record(name=n_iaynzfjb_92, code=E2ODH0A2TV)",0.901425489482132
93,n_jkofobnt_93,r9Qh8yXv6U,"Record(name=n_jkofobnt_93, code=r9Qh8yXv6U)",0.9454786075584645
94,n_fnnbdiml_94,LFuMk9TsuZ,"Record(name=n_fnnbdiml_94, code=LFuMk9TsuZ)",0.9253606228788149
95,n_nshvjrzp_95,XSQbD7WWJS,"Record(name=n_nshvjrzp_95, code=XSQbD7WWJS)",0.9191218242705401
96,n_peqqvdra_96,6gbtjQzW52,"Record(name=n_peqqvdra_96, code=6gbtjQzW52)",0.9291832185850556
97,n_tbdfirni_97,k4vvVSNQLl,"Record(name=n_tbdfirni_97, code=k4vvVSNQLl)",0.8958451573986299
98,n_gofzhhfs_98,tv5XqhPx8Y,"Record(name=n_gofzhhfs_98, code=tv5XqhPx8Y)",0.9476854245750529
99,n_yuhhsjlg_99,DmH5RiMKpP,"Record(name=n_yuhhsjlg_99, code=DmH5RiMKpP)",0.9153723668312903
100,n_nqbkscua_100,I5z52Dm7tO,"Record(name=n_nqbkscua_100, code=I5z52Dm7tO)",0.8945313560271757
101,n_xconsyxe_101,2k59yE6752,"Record(name=n_xconsyxe_101, code=2k59yE6752)",0.9395524224477523
102,n_aoczhzom_102,60DlgkCplT,"Record(name=n_aoczhzom_102, code=60DlgkCplT)",0.9283877032979306
103,n_uotewxvn_103,fPliupqoU7,"Record(name=n_uotewxvn_103, code=fPliupqoU7)",0.932532635544163
104,n_hsaqsbdh_104,zF3Rth4sMn,"Record(name=n_hsaqsbdh_104, code=zF3Rth4sMn)",0.9416682906611341
105,n_ddtpkomn_105,PnpU2fBReI,"Record(name=n_ddtpkomn_105, code=PnpU2fBReI)",0.9381623723056529
106,n_bonodind_106,mKfFYCFCdC,"Record(name=n_bonodind_106, code=mKfFYCFCdC)",0.935271303895471
107,n_uskvtpbi_107,d95e5bzVV8,"Record(name=n_uskvtpbi_107, code=d95e5bzVV8)",0.9119703026086472
108,n_qkzjwxjr_108,PHOvlHGTna,"Record(name=n_qkzjwxjr_108, code=PHOvlHGTna)",0.9044184019783141
109,n_ahronvgj_109,r6SgYzV2am,"Record(name=n_ahronvgj_109, code=r6SgYzV2am)",0.9081058580062626
110,n_capsbtkg_110,n1dFrYTtLP,"Record(name=n_capsbtkg_110, code=n1dFrYTtLP)",0.936198419520314
111,n_ihdrfhby_111,24MAE86PWt,"Record(name=n_ihdrfhby_111, code=24MAE86PWt)",0.8969970749138134
112,n_kdjtmwhs_112,X4I8IipmO5,"Record(name=n_kdjtmwhs_112, code=X4I8IipmO5)",0.9504678369995473
113,n_wcsegrpw_113,lVSID1u7a6,"Record(name=n_wcsegrpw_113, code=lVSID1u7a6)",0.9259399319544943
114,n_zdzmgpfx_114,IWxHwqFEg8,"Record(name=n_zdzmgpfx_114, code=IWxHwqFEg8)",0.9231238180695656
115,n_mvxjkofd_115,q5JzjuxZEO,"Record(name=n_mvxjkofd_115, code=q5JzjuxZEO)",0.9351981775310555
116,n_rgvzqmeu_116,kSE4HNdc06,"Record(name=n_rgvzqmeu_116, code=kSE4HNdc06)",0.9186559313947712
117,n_rtkvgsan_117,xMPMDEaIaG,"Record(name=n_rtkvgsan_117, code=xMPMDEaIaG)",0.9109341571663092
118,n_hzavruxc_118,fjlGYqyxzJ,"Record(name=n_hzavruxc_118, code=fjlGYqyxzJ)",0.9252010899550351
119,n_zfrwqwtc_119,xIdakEAWJ1,"Record(name=n_zfrwqwtc_119, code=xIdakEAWJ1)",0.9247886248715056
120,n_cnbfwxmb_120,e53Ic5t7KU,"Record(name=n_cnbfwxmb_120, code=e53Ic5t7KU)",0.8974341129724684
121,n_skcegvkx_121,uUi9SF8dBZ,"Record(name=n_skcegvkx_121, code=uUi9SF8dBZ)",0.8875497297675735
122,n_itykuahz_122,Ew6AQOfMXS,"Record(name=n_itykuahz_122, code=Ew6AQOfMXS)",0.9176657746478016
123,n_cesqtica_123,twqilBIzbv,"Record(name=n_cesqtica_123, code=twqilBIzbv)",0.9330797289788565
124,n_cpikhkcx_124,48JkxisEdA,"Record(name=n_cpikhkcx_124, code=48JkxisEdA)",0.9029665791232216
125,n_kmbggqpf_125,gs6uMXuuY1,"Record(name=n_kmbggqpf_125, code=gs6uMXuuY1)",0.9351663059593461
126,n_zdiyfizz_126,sREJpxYyhI,"Record(name=n_zdiyfizz_126, code=sREJpxYyhI)",0.9414253584276587
127,n_poroymsl_127,sQYXzENpOS,"Record(name=n_poroymsl_127, code=sQYXzENpOS)",0.9284298530270174
128,n_ubzmknxr_128,HXw3HNfVOw,"Record(name=n_ubzmknxr_128, code=HXw3HNfVOw)",0.8967166243167354
129,n_qbzrktzl_129,aqFGJJByVK,"Record(name=n_qbzrktzl_129, code=aqFGJJByVK)",0.9303981309171162
130,n_niackzdy_130,itCmDDBRts,"Record(name=n_niackzdy_130, code=itCmDDBRts)",0.9295876893893441
131,n_vcwqrezg_131,kjI7ozlNAb,"Record(name=n_vcwqrezg_131, code=kjI7ozlNAb)",0.9354246003657374
132,n_pfpksftv_132,dg2luCq1GN,"Record(name=n_pfpksftv_132, code=dg2luCq1GN)",0.9337646020122108
133,n_pppjvqvs_133,sMfihslQFz,"Record(name=n_pppjvqvs_133, code=sMfihslQFz)",0.9378006302724972
134,n_djeqsqzo_134,EitBdwaiY7,"Record(name=n_djeqsqzo_134, code=EitBdwaiY7)",0.9170024761001777
135,n_nmrkvmca_135,VsrHkCUVIh,"Record(name=n_nmrkvmca_135, code=VsrHkCUVIh)",0.9207629721087821
136,n_cuvjvbso_136,9gZUs9BvYB,"Record(name=n_cuvjvbso_136, code=9gZUs9BvYB)",0.9332857612674164
137,n_zugvpjsq_137,kimmdvrHuR,"Record(name=n_zugvpjsq_137, code=kimmdvrHuR)",0.9033114019816578
138,n_hgwzrczu_138,491h1pSZVP,"Record(name=n_hgwzrczu_138, code=491h1pSZVP)",0.9316359101733676
139,n_mpgklqwc_139,Fr6w6uaVTT,"Record(name=n_mpgklqwc_139, code=Fr6w6uaVTT)",0.9493230055690324
140,n_lrjbnflf_140,qZuJJEvQdg,"Record(name=n_lrjbnflf_140, code=qZuJJEvQdg)",0.916874672820906
141,n_uldwlayf_141,QiOj5qOpx4,"Record(name=n_uldwlayf_141, code=QiOj5qOpx4)",0.9328064210504429
142,n_ekhsgrsa_142,DioQaRY9Ai,"Record(name=n_ekhsgrsa_142, code=DioQaRY9Ai)",0.917848428604439
143,n_bjsciwdu_143,Ui9iGaOBSM,"Record(name=n_bjsciwdu_143, code=Ui9iGaOBSM)",0.9471615930487106
144,n_dkrwcctp_144,x7tirfILLW,"Record(name=n_dkrwcctp_144, code=x7tirfILLW)",0.9162424525362505
145,n_rwrhnnth_145,d37EgEKG89,"Record(name=n_rwrhnnth_145, code=d37EgEKG89)",0.9439408639036689
146,n_ydwojrty_146,VbeqcdWFMF,"Record(name=n_ydwojrty_146, code=VbeqcdWFMF)",0.9363892858116071
147,n_kscnqhin_147,mYHyNZQeRT,"Record(name=n_kscnqhin_147, code=mYHyNZQeRT)",0.938058433088435
148,n_wbcllpit_148,ThRRk7GWSk,"Record(name=n_wbcllpit_148, code=ThRRk7GWSk)",0.9305336651588735
149,n_dugxuauh_149,dSJeCwEJwp,"Record(name=n_dugxuauh_149, code=dSJeCwEJwp)",0.9270377138416058
150,n_cosfnbwg_150,Dxj51I4TAt,"Record(name=n_cosfnbwg_150, code=Dxj51I4TAt)",0.9128350579677285
151,n_kshcjnxe_151,X87eCr0uIa,"Record(name=n_kshcjnxe_151, code=X87eCr0uIa)",0.8834235965095147
152,n_fohqmpmu_152,m3Vpazov02,"Record(name=n_fohqmpmu_152, code=m3Vpazov02)",0.9516172393031679
153,n_yarwscng_153,Ed9Sf53GRx,"Record(name=n_yarwscng_153, code=Ed9Sf53GRx)",0.9434082477840424
154,n_zccdvbol_154,7oqtXRTtqe,"Record(name=n_zccdvbol_154, code=7oqtXRTtqe)",0.8975512647280847
155,n_fupeemkn_155,7mtqhjQZRc,"Record(name=n_fupeemkn_155, code=7mtqhjQZRc)",0.8351681256745808
156,n_vicgjnrg_156,9bzCUpCXia,"Record(name=n_vicgjnrg_156, code=9bzCUpCXia)",0.9285475860340114
157,n_vzdvjqqp_157,qYbd3Bh4Zu,"Record(name=n_vzdvjqqp_157, code=qYbd3Bh4Zu)",0.9180938405863637
158,n_bleovkar_158,knlr2cMpsz,"Record(name=n_bleovkar_158, code=knlr2cMpsz)",0.862182866359274
159,n_obhdfxnq_159,XX9WwHE4Fy,"Record(name=n_obhdfxnq_159, code=XX9WwHE4Fy)",0.9162330818893595
160,n_eifxubzn_160,V98gOqY4d9,"Record(name=n_eifxubzn_160, code=V98gOqY4d9)",0.9219104873311016
161,n_fwujvvep_161,XR4bR6IIl9,"Record(name=n_fwujvvep_161, code=XR4bR6IIl9)",0.9178576269321814
162,n_wmimcgfn_162,a4miS40ubK,"Record(name=n_wmimcgfn_162, code=a4miS40ubK)",0.9236166559706935
163,n_xuwwyjyk_163,gsij6X7Ok8,"Record(name=n_xuwwyjyk_163, code=gsij6X7Ok8)",0.9186909699989968
164,n_syufpehr_164,hT66y97cL5,"Record(name=n_syufpehr_164, code=hT66y97cL5)",0.925034960988228
165,n_zfoydtgz_165,k2fRN2Bqpe,"Record(name=n_zfoydtgz_165, code=k2fRN2Bqpe)",0.9292487853221417
166,n_gcaktzwm_166,xHgD1OQke0,"Record(name=n_gcaktzwm_166, code=xHgD1OQke0)",0.9313377585451913
167,n_hiybejto_167,3fKMDb6k3j,"Record(name=n_hiybejto_167, code=3fKMDb6k3j)",0.9107500616763509
168,n_cfesssgh_168,odJ0jwAsPL,"Record(name=n_cfesssgh_168, code=odJ0jwAsPL)",0.9243372736021852
169,n_faehcvik_169,EOfHl2wBqC,"Record(name=n_faehcvik_169, code=EOfHl2wBqC)",0.900330595658236
170,n_fgbtrcio_170,8KI0YzH1D2,"Record(name=n_fgbtrcio_170, code=8KI0YzH1D2)",0.946042010463189
171,n_mcxsnxur_171,MhUk98YhA9,"Record(name=n_mcxsnxur_171, code=MhUk98YhA9)",0.9405267975378788
172,n_lzqvgxxb_172,yyurC2WMGA,"Record(name=n_lzqvgxxb_172, code=yyurC2WMGA)",0.8797478968357284
173,n_kdptyyoc_173,rHvzxELcri,"Record(name=n_kdptyyoc_173, code=rHvzxELcri)",0.8962603335107864
174,n_psbxigtx_174,3bYsrERg1i,"Record(name=n_psbxigtx_174, code=3bYsrERg1i)",0.8998371673888329
175,n_zlvhkqef_175,ZTV1YFjtFi,"Record(name=n_zlvhkqef_175, code=ZTV1YFjtFi)",0.9408633919179683
176,n_wwafvvgl_176,4RqZFNhbxK,"Record(name=n_wwafvvgl_176, code=4RqZFNhbxK)",0.9323355363205004
177,n_ewpjextr_177,rxkJ71OQqz,"Record(name=n_ewpjextr_177, code=rxkJ71OQqz)",0.9140482570020961
178,n_autaxqpa_178,pXs7NAxvpC,"Record(name=n_autaxqpa_178, code=pXs7NAxvpC)",0.8915644086976724
179,n_rvkcnrvj_179,OLsgd9N1qS,"Record(name=n_rvkcnrvj_179, code=OLsgd9N1qS)",0.926031834324466
180,n_xhdtxuup_180,OQSO9qzycR,"Record(name=n_xhdtxuup_180, code=OQSO9qzycR)",0.9305735337634936
181,n_oesfnuxr_181,F002lghqYV,"Record(name=n_oesfnuxr_181, code=F002lghqYV)",0.9302121603206739
182,n_ericjthu_182,uqs0D1K6e3,"Record(name=n_ericjthu_182, code=uqs0D1K6e3)",0.9181375960329662
183,n_nwjhbwdf_183,zJ4CtSWENk,"Record(name=n_nwjhbwdf_183, code=zJ4CtSWENk)",0.9153512445417022
184,n_qahtetmt_184,fMNz7xcmxa,"Record(name=n_qahtetmt_184, code=fMNz7xcmxa)",0.8612428110853102
185,n_iverqgsi_185,hxKkZssTKu,"Record(name=n_iverqgsi_185, code=hxKkZssTKu)",0.9290822715740048
186,n_xzixjeyx_186,zoTiTKkwOc,"Record(name=n_xzixjeyx_186, code=zoTiTKkwOc)",0.887605749721911
187,n_wgnbzrqa_187,QzxHDjRNsP,"Record(name=n_wgnbzrqa_187, code=QzxHDjRNsP)",0.9367521798664238
188,n_rhpdvcsd_188,hgmmqGmRsc,"Record(name=n_rhpdvcsd_188, code=hgmmqGmRsc)",0.9290576492631226
189,n_mfyiarxv_189,PjfFSgpo9s,"Record(name=n_mfyiarxv_189, code=PjfFSgpo9s)",0.9112391042079767
190,n_mcebhuit_190,fVc0PkwBM2,"Record(name=n_mcebhuit_190, code=fVc0PkwBM2)",0.9314980917088796
191,n_cvekzhkw_191,XOXhRd6jzK,"Record(name=n_cvekzhkw_191, code=XOXhRd6jzK)",0.936307932732875
192,n_urejjarv_192,8i5hzcqtRQ,"Record(name=n_urejjarv_192, code=8i5hzcqtRQ)",0.9140006472705455
193,n_toozrins_193,fPpvPx0I9d,"Record(name=n_toozrins_193, code=fPpvPx0I9d)",0.8868677736381095
194,n_qewwwbmg_194,8dnNzoCXB1,"Record(name=n_qewwwbmg_194, code=8dnNzoCXB1)",0.9181097082110605
195,n_ldmqckoa_195,fLMsFmP6wd,"Record(name=n_ldmqckoa_195, code=fLMsFmP6wd)",0.9032448048393339
196,n_floqmrsc_196,VnvZ7sGRck,"Record(name=n_floqmrsc_196, code=VnvZ7sGRck)",0.9406527768783414
197,n_dsscpeyk_197,CWSgz5ZKVB,"Record(name=n_dsscpeyk_197, code=CWSgz5ZKVB)",0.9080681882045721
198,n_rydmnbyv_198,DF5kJThyL2,"Record(name=n_rydmnbyv_198, code=DF5kJThyL2)",0.9200617356772234
199,n_nkzxthzz_199,CizRUsR1S6,"Record(name=n_nkzxthzz_199, code=CizRUsR1S6)",0.9470019886244175
200,n_qfqhirzq_200,7FRthvDJPz,"Record(name=n_qfqhirzq_200, code=7FRthvDJPz)",0.9206597064973362
201,n_tvhwvnad_201,PmUjrp0QsU,"Record(name=n_tvhwvnad_201, code=PmUjrp0QsU)",0.9095622437527902
202,n_avcwtwto_202,oWXrP5y78t,"Record(name=n_avcwtwto_202, code=oWXrP5y78t)",0.9233869113051023
203,n_oagquwvx_203,ROUHLW7slQ,"Record(name=n_oagquwvx_203, code=ROUHLW7slQ)",0.9398593893406969
204,n_eenjlodp_204,puSjjud5MP,"Record(name=n_eenjlodp_204, code=puSjjud5MP)",0.9160343555971256
205,n_mojuifeb_205,FzHfnnuwnU,"Record(name=n_mojuifeb_205, code=FzHfnnuwnU)",0.9268958038493805
206,n_nzvzarlx_206,MM7Qt46xHr,"Record(name=n_nzvzarlx_206, code=MM7Qt46xHr)",0.9108870383771606
207,n_xvjulbxf_207,F6k7HaePV1,"Record(name=n_xvjulbxf_207, code=F6k7HaePV1)",0.9408026928806731
208,n_lcnszuqy_208,UjCufdXIJo,"Record(name=n_lcnszuqy_208, code=UjCufdXIJo)",0.9290477125710231
209,n_gkqlarnq_209,MUKRe5gWsf,"Record(name=n_gkqlarnq_209, code=MUKRe5gWsf)",0.8955100563665069
210,n_tlkrmndk_210,XH7iP4XTx6,"Record(name=n_tlkrmndk_210, code=XH7iP4XTx6)",0.927569344397687
211,n_oodapnyh_211,U4vzOFjnZm,"Record(name=n_oodapnyh_211, code=U4vzOFjnZm)",0.9327149750813286
212,n_euwwyzlo_212,segSEuhOgM,"Record(name=n_euwwyzlo_212, code=segSEuhOgM)",0.9354491932178078
213,n_xilqhpoj_213,tAapnTB0iT,"Record(name=n_xilqhpoj_213, code=tAapnTB0iT)",0.9187048297129773
214,n_wmjhoepv_214,1iHq2eebFb,"Record(name=n_wmjhoepv_214, code=1iHq2eebFb)",0.9126413295218264
215,n_pkpxoozm_215,WwnVTsCFyF,"Record(name=n_pkpxoozm_215, code=WwnVTsCFyF)",0.8868427043465468
216,n_rwupenle_216,6O7TDwnEdw,"Record(name=n_rwupenle_216, code=6O7TDwnEdw)",0.8797339728745144
217,n_bfxjmlbz_217,uRGZZqHkOw,"Record(name=n_bfxjmlbz_217, code=uRGZZqHkOw)",0.8962640904931116
218,n_qvnjxnjw_218,EDLFikeNnl,"Record(name=n_qvnjxnjw_218, code=EDLFikeNnl)",0.9353528564572738
219,n_jsdfvsmm_219,njZbcJjNcJ,"Record(name=n_jsdfvsmm_219, code=njZbcJjNcJ)",0.9279137143997032
220,n_bgeypoas_220,PrfB91kZLX,"Record(name=n_bgeypoas_220, code=PrfB91kZLX)",0.9306240762580459
221,n_vergsilp_221,oxgm1FAjfD,"Record(name=n_vergsilp_221, code=oxgm1FAjfD)",0.9174108647257438
222,n_pbundmdp_222,Z3WOGwcGoX,"Record(name=n_pbundmdp_222, code=Z3WOGwcGoX)",0.9289095954351381
223,n_ujpttscd_223,Do1r2zlRWJ,"Record(name=n_ujpttscd_223, code=Do1r2zlRWJ)",0.9037459019141623
224,n_darrijeq_224,p1AwrQUzWD,"Record(name=n_darrijeq_224, code=p1AwrQUzWD)",0.9398411527407876
225,n_joghistw_225,OUBRknyuIR,"Record(name=n_joghistw_225, code=OUBRknyuIR)",0.9355434074389761
226,n_sezacdyl_226,dnecx9MGSL,"Record(name=n_sezacdyl_226, code=dnecx9MGSL)",0.8893418048539412
227,n_yvqlfruh_227,cLFokcoaj9,"Record(name=n_yvqlfruh_227, code=cLFokcoaj9)",0.9351534045459289
228,n_ujkpntbc_228,rZ4v7rLm5J,"Record(name=n_ujkpntbc_228, code=rZ4v7rLm5J)",0.9422714219010738
229,n_gkcbhyuy_229,2YJR7IVU7C,"Record(name=n_gkcbhyuy_229, code=2YJR7IVU7C)",0.9366337861883668
230,n_lpadbqzr_230,ot7GaZpfPY,"Record(name=n_lpadbqzr_230, code=ot7GaZpfPY)",0.9197595259358584
231,n_bymjxgyr_231,4EmT2mmpMj,"Record(name=n_bymjxgyr_231, code=4EmT2mmpMj)",0.9109407580580494
232,n_cxrrptob_232,DME931E94r,"Record(name=n_cxrrptob_232, code=DME931E94r)",0.8935711185023074
233,n_fobumonk_233,Qk8RCQanKu,"Record(name=n_fobumonk_233, code=Qk8RCQanKu)",0.9291501307674455
234,n_pgogmpjm_234,nRx0rliJog,"Record(name=n_pgogmpjm_234, code=nRx0rliJog)",0.8772188122401018
235,n_hgljdydu_235,kE90GSWsIJ,"Record(name=n_hgljdydu_235, code=kE90GSWsIJ)",0.9212237876760011
236,n_krbvmqli_236,wI5pbh17mJ,"Record(name=n_krbvmqli_236, code=wI5pbh17mJ)",0.9254678699007396
237,n_qeujrmtx_237,xrNikYuNJ0,"Record(name=n_qeujrmtx_237, code=xrNikYuNJ0)",0.93257884264417
238,n_befihgqh_238,B1wK7zlbTP,"Record(name=n_befihgqh_238, code=B1wK7zlbTP)",0.9300717813017907
239,n_yscecbwo_239,byVfqjO2tp,"Record(name=n_yscecbwo_239, code=byVfqjO2tp)",0.9037019467676898
240,n_hqdvarwi_240,D8HqB8RkLN,"Record(name=n_hqdvarwi_240, code=D8HqB8RkLN)",0.922356489056349
241,n_qonqijou_241,BwqsaY0vDa,"Record(name=n_qonqijou_241, code=BwqsaY0vDa)",0.9399617020693498
242,n_xymalhga_242,xzIykTyxqA,"Record(name=n_xymalhga_242, code=xzIykTyxqA)",0.9271081175380196
243,n_gtxurhtv_243,z0lrNMqMlb,"Record(name=n_gtxurhtv_243, code=z0lrNMqMlb)",0.9182051994549721
244,n_bnecgssg_244,jEvtX9CXu0,"Record(name=n_bnecgssg_244, code=jEvtX9CXu0)",0.9371960679442356
245,n_ybubmevv_245,ZhVpVBTcCV,"Record(name=n_ybubmevv_245, code=ZhVpVBTcCV)",0.9146029985259617
246,n_nzmriiqb_246,6GpNm31nhN,"Record(name=n_nzmriiqb_246, code=6GpNm31nhN)",0.9163612767966849
247,n_iehduabu_247,DKxfjfM59M,"Record(name=n_iehduabu_247, code=DKxfjfM59M)",0.9133701489327962
248,n_bqsudgzu_248,UXBlQwi3EB,"Record(name=n_bqsudgzu_248, code=UXBlQwi3EB)",0.9365724101392527
249,n_hseejthv_249,4IejsqwaNx,"Record(name=n_hseejthv_249, code=4IejsqwaNx)",0.9342799992631736
250,n_eawugsro_250,yGEIMuNgGe,"Record(name=n_eawugsro_250, code=yGEIMuNgGe)",0.9272555762392247
251,n_vdwfmcov_251,OGRpwLe5mE,"Record(name=n_vdwfmcov_251, code=OGRpwLe5mE)",0.923265189998187
252,n_xcuboykj_252,RZqces67gS,"Record(name=n_xcuboykj_252, code=RZqces67gS)",0.9028143660683531
253,n_nengqetk_253,gNwCP2klyu,"Record(name=n_nengqetk_253, code=gNwCP2klyu)",0.9246121487930222
254,n_ezljizij_254,VATLInV5p7,"Record(name=n_ezljizij_254, code=VATLInV5p7)",0.926762305528499
255,n_lkszpnzh_255,sn1bYQrII5,"Record(name=n_lkszpnzh_255, code=sn1bYQrII5)",0.9385057742283173
256,n_eajdjpgv_256,fy4TSXkZQJ,"Record(name=n_eajdjpgv_256, code=fy4TSXkZQJ)",0.9246158181463248
257,n_xphtocbu_257,vYz11oOLaW,"Record(name=n_xphtocbu_257, code=vYz11oOLaW)",0.9162201392989722
258,n_jhbodnfb_258,TyBKFnryif,"Record(name=n_jhbodnfb_258, code=TyBKFnryif)",0.8953610145302027
259,n_obkcnudd_259,IEOmMTpeWu,"Record(name=n_obkcnudd_259, code=IEOmMTpeWu)",0.9129647687391921
260,n_ycrljipa_260,s9M9BjcYmx,"Record(name=n_ycrljipa_260, code=s9M9BjcYmx)",0.9018438057817496
261,n_twcbyywv_261,aRgBbmHmGq,"Record(name=n_twcbyywv_261, code=aRgBbmHmGq)",0.9082607754241053
262,n_msdsaprb_262,krWMdOayq0,"Record(name=n_msdsaprb_262, code=krWMdOayq0)",0.9006536598952557
263,n_rwawqgjz_263,gt1GlFC5bp,"Record(name=n_rwawqgjz_263, code=gt1GlFC5bp)",0.9148771704321015
264,n_nikejjqg_264,8FYM23YbIr,"Record(name=n_nikejjqg_264, code=8FYM23YbIr)",0.9124760487397047
265,n_dxrcjypq_265,ooj84uHmiH,"Record(name=n_dxrcjypq_265, code=ooj84uHmiH)",0.9212289027257373
266,n_uwisndzz_266,i54tI6ht2T,"Record(name=n_uwisndzz_266, code=i54tI6ht2T)",0.924523134371323
267,n_twkklyxy_267,qWglVLqJoo,"Record(name=n_twkklyxy_267, code=qWglVLqJoo)",0.9184156046255002
268,n_rjrmnpsj_268,0EilbVaqzU,"Record(name=n_rjrmnpsj_268, code=0EilbVaqzU)",0.865817438599538
269,n_ztbyzwmi_269,CpzcTxtLUK,"Record(name=n_ztbyzwmi_269, code=CpzcTxtLUK)",0.9231112306214305
270,n_nwunlvbz_270,GyTIFNdsys,"Record(name=n_nwunlvbz_270, code=GyTIFNdsys)",0.9141519005877127
271,n_vlkpbndv_271,CShW6RizBl,"Record(name=n_vlkpbndv_271, code=CShW6RizBl)",0.9389342482016523
272,n_psflgrxu_272,ShhBwGxXF6,"Record(name=n_psflgrxu_272, code=ShhBwGxXF6)",0.9054039025903499
273,n_jjtxordw_273,lSAtVBMhim,"Record(name=n_jjtxordw_273, code=lSAtVBMhim)",0.91968419428931
274,n_qglwoawg_274,KDzeLpHMIZ,"Record(name=n_qglwoawg_274, code=KDzeLpHMIZ)",0.8995744310290309
275,n_bdqawrvh_275,5dzlPLQKWk,"Record(name=n_bdqawrvh_275, code=5dzlPLQKWk)",0.9170875998537972
276,n_lpychjjb_276,AIsiRrGGRL,"Record(name=n_lpychjjb_276, code=AIsiRrGGRL)",0.9015927473569181
277,n_csqzmryz_277,rLtG9viIGN,"Record(name=n_csqzmryz_277, code=rLtG9viIGN)",0.9006351213443003
278,n_mepszaaq_278,h0X9zuINam,"Record(name=n_mepszaaq_278, code=h0X9zuINam)",0.9393280886834531
279,n_huiniari_279,SMbkuuP4XO,"Record(name=n_huiniari_279, code=SMbkuuP4XO)",0.9388217147428657
280,n_mqxniukt_280,ZsStHmQX3v,"Record(name=n_mqxniukt_280, code=ZsStHmQX3v)",0.9151144158624002
281,n_zhazqvok_281,K1URtbzEoC,"Record(name=n_zhazqvok_281, code=K1URtbzEoC)",0.9276994709630866
282,n_yfhcuuxl_282,bDFl5TGWi2,"Record(name=n_yfhcuuxl_282, code=bDFl5TGWi2)",0.9155681921944742
283,n_vyrdslsn_283,a5QKfCcGOt,"Record(name=n_vyrdslsn_283, code=a5QKfCcGOt)",0.9241469184722132
284,n_pixifhil_284,hjqaMFmvti,"Record(name=n_pixifhil_284, code=hjqaMFmvti)",0.9234261766183726
285,n_shgbpild_285,DPgdAlKKZR,"Record(name=n_shgbpild_285, code=DPgdAlKKZR)",0.880886716993857
286,n_qivsrnzt_286,CiY5DCQSCo,"Record(name=n_qivsrnzt_286, code=CiY5DCQSCo)",0.93373374614405
287,n_fwqxksru_287,2CbDvCkVLh,"Record(name=n_fwqxksru_287, code=2CbDvCkVLh)",0.8419297476927236
288,n_cvuiqunk_288,zMH8xvYKWA,"Record(name=n_cvuiqunk_288, code=zMH8xvYKWA)",0.9162956769725
289,n_uogrcyom_289,KCIYk7egYV,"Record(name=n_uogrcyom_289, code=KCIYk7egYV)",0.9411065988813083
290,n_jmrcvxxq_290,ajjGyJmQtJ,"Record(name=n_jmrcvxxq_290, code=ajjGyJmQtJ)",0.894065998239669
291,n_xhylzica_291,9zhswIdRYw,"Record(name=n_xhylzica_291, code=9zhswIdRYw)",0.9151626169616917
292,n_wwgskijj_292,HPDlx50j9P,"Record(name=n_wwgskijj_292, code=HPDlx50j9P)",0.9397232496095218
293,n_dbasmlzc_293,NzCWLAlFIB,"Record(name=n_dbasmlzc_293, code=NzCWLAlFIB)",0.9024967405634549
294,n_jeppwgnk_294,Hw8JRhDQiT,"Record(name=n_jeppwgnk_294, code=Hw8JRhDQiT)",0.9242227170426313
295,n_zzumcxcm_295,T7eNXtdvWD,"Record(name=n_zzumcxcm_295, code=T7eNXtdvWD)",0.9233256442596866
296,n_nmtkyuha_296,5UTIdDkd9Y,"Record(name=n_nmtkyuha_296, code=5UTIdDkd9Y)",0.9222943171556125
297,n_qhcnwhdh_297,1agkKjBYqR,"Record(name=n_qhcnwhdh_297, code=1agkKjBYqR)",0.9400147909566102
298,n_muwicdye_298,E9VoBNnTvN,"Record(name=n_muwicdye_298, code=E9VoBNnTvN)",0.9235546466671697
299,n_tdekhttn_299,xRDi1a5BQ7,"Record(name=n_tdekhttn_299, code=xRDi1a5BQ7)",0.9386481161066071
300,n_rbxqylxw_300,uqgOyVUTKm,"Record(name=n_rbxqylxw_300, code=uqgOyVUTKm)",0.8883200060560074
301,n_ireorvac_301,gBnrlbf6OZ,"Record(name=n_ireorvac_301, code=gBnrlbf6OZ)",0.918861146868651
302,n_yqsdwdrx_302,J73RpC6N5r,"Record(name=n_yqsdwdrx_302, code=J73RpC6N5r)",0.9289868143798841
303,n_lxuiebuj_303,ud7qBE5LlE,"Record(name=n_lxuiebuj_303, code=ud7qBE5LlE)",0.901305542588447
304,n_dtfqxscb_304,JpB3jN5PqR,"Record(name=n_dtfqxscb_304, code=JpB3jN5PqR)",0.9164091827831624
305,n_xonymlvu_305,WHa7YDJ5wQ,"Record(name=n_xonymlvu_305, code=WHa7YDJ5wQ)",0.9360200929686046
306,n_kqycnycl_306,VOkcxlR3Nw,"Record(name=n_kqycnycl_306, code=VOkcxlR3Nw)",0.8907806417598504
307,n_cqtdfspm_307,dHtHZB9cdW,"Record(name=n_cqtdfspm_307, code=dHtHZB9cdW)",0.9378223278938379
308,n_bdurlrwd_308,J5ciOD4cRi,"Record(name=n_bdurlrwd_308, code=J5ciOD4cRi)",0.8822446268245469
309,n_ebhulepv_309,gEXnXAY8Qu,"Record(name=n_ebhulepv_309, code=gEXnXAY8Qu)",0.9068180688864111
310,n_zodvutpi_310,hizRIB5cg0,"Record(name=n_zodvutpi_310, code=hizRIB5cg0)",0.9397810364900959
311,n_puamaecq_311,2zYVQmNGz6,"Record(name=n_puamaecq_311, code=2zYVQmNGz6)",0.9403723486235576
312,n_paemyquj_312,aohGfwVHnV,"Record(name=n_paemyquj_312, code=aohGfwVHnV)",0.9421441198310306
313,n_rhfurzme_313,PcNrAuXVcT,"Record(name=n_rhfurzme_313, code=PcNrAuXVcT)",0.926091371091368
314,n_yeumdxsp_314,umPuWugT1x,"Record(name=n_yeumdxsp_314, code=umPuWugT1x)",0.933470522958429
315,n_fmmxdylk_315,iSN8mhQdi0,"Record(name=n_fmmxdylk_315, code=iSN8mhQdi0)",0.9345233743560806
316,n_leixpuqp_316,k81f1E9KZr,"Record(name=n_leixpuqp_316, code=k81f1E9KZr)",0.9363733776063654
317,n_stgipxpd_317,Ja8cDVcGDX,"Record(name=n_stgipxpd_317, code=Ja8cDVcGDX)",0.9384838192308927
318,n_vlgoatyd_318,sOfDsR1UbC,"Record(name=n_vlgoatyd_318, code=sOfDsR1UbC)",0.9303633116472455
319,n_uwkujmqw_319,e3ucAq6HXW,"Record(name=n_uwkujmqw_319, code=e3ucAq6HXW)",0.9238004596083416
320,n_cwtbyrxc_320,wMwkIeRm8o,"Record(name=n_cwtbyrxc_320, code=wMwkIeRm8o)",0.9364797836912686
321,n_cmypyftf_321,vqQrdvEGhS,"Record(name=n_cmypyftf_321, code=vqQrdvEGhS)",0.9159596814676129
322,n_rnhquyvy_322,e3Ce3r7grR,"Record(name=n_rnhquyvy_322, code=e3Ce3r7grR)",0.9301354887725405
323,n_mwnqhzod_323,vBNsd2o6Nz,"Record(name=n_mwnqhzod_323, code=vBNsd2o6Nz)",0.9414749484352765
324,n_iqipsvlh_324,iWkqE8VcvC,"Record(name=n_iqipsvlh_324, code=iWkqE8VcvC)",0.9307099762459257
325,n_eyshzvsr_325,jocthqlIct,"Record(name=n_eyshzvsr_325, code=jocthqlIct)",0.9020210457463945
326,n_ijoehxkm_326,jCtaT8uRDr,"Record(name=n_ijoehxkm_326, code=jCtaT8uRDr)",0.9153232431223152
327,n_yzodoxlr_327,T3iIty0Bfd,"Record(name=n_yzodoxlr_327, code=T3iIty0Bfd)",0.919658610543262
328,n_qpfyhanl_328,PfFmtL64wj,"Record(name=n_qpfyhanl_328, code=PfFmtL64wj)",0.8793026326702399
329,n_wjjhjzwc_329,TB9XrX8A3i,"Record(name=n_wjjhjzwc_329, code=TB9XrX8A3i)",0.9250613598542019
330,n_pcfmwzby_330,Ufz4zISUil,"Record(name=n_pcfmwzby_330, code=Ufz4zISUil)",0.9400487904469264
331,n_jobvvhom_331,baq7ZDO3zE,"Record(name=n_jobvvhom_331, code=baq7ZDO3zE)",0.9245832434064818
332,n_rgdhzbtp_332,J1MDRhFJ0k,"Record(name=n_rgdhzbtp_332, code=J1MDRhFJ0k)",0.9321399524508226
333,n_biwdehkx_333,wrG6FVlfUH,"Record(name=n_biwdehkx_333, code=wrG6FVlfUH)",0.9101997933532573
334,n_wvrhrrcp_334,ZaGxEv4gjn,"Record(name=n_wvrhrrcp_334, code=ZaGxEv4gjn)",0.9262215336020103
335,n_expvnnot_335,hCeY5DtwY3,"Record(name=n_expvnnot_335, code=hCeY5DtwY3)",0.924576345062116
336,n_ptisavfw_336,iohieQWeWU,"Record(name=n_ptisavfw_336, code=iohieQWeWU)",0.9107809986331286
337,n_bcunbdgb_337,PUW5m3lvf0,"Record(name=n_bcunbdgb_337, code=PUW5m3lvf0)",0.938191964075059
338,n_yyjensgo_338,gJanlr3H8g,"Record(name=n_yyjensgo_338, code=gJanlr3H8g)",0.9204722108385828
339,n_fnsjplye_339,vxnog9hgiV,"Record(name=n_fnsjplye_339, code=vxnog9hgiV)",0.8903830482765865
340,n_sobidhpi_340,8BIs1le0DQ,"Record(name=n_sobidhpi_340, code=8BIs1le0DQ)",0.9276140793687376
341,n_ezmclrcd_341,yKg58e8uK9,"Record(name=n_ezmclrcd_341, code=yKg58e8uK9)",0.927063041836605
342,n_dvshsphu_342,NyDLzErVgp,"Record(name=n_dvshsphu_342, code=NyDLzErVgp)",0.9238710801333297
343,n_mqdcbbrz_343,xQjMfeUVXm,"Record(name=n_mqdcbbrz_343, code=xQjMfeUVXm)",0.9025872847120461
344,n_rmgiwoya_344,A4xtxCcI1s,"Record(name=n_rmgiwoya_344, code=A4xtxCcI1s)",0.9050553096828527
345,n_smdsmcrr_345,QJD0FyE8Mv,"Record(name=n_smdsmcrr_345, code=QJD0FyE8Mv)",0.9438138925259362
346,n_ziabvjta_346,3vgvwvOpOK,"Record(name=n_ziabvjta_346, code=3vgvwvOpOK)",0.9138827218912488
347,n_xbhiailw_347,J3qRK9xyJY,"Record(name=n_xbhiailw_347, code=J3qRK9xyJY)",0.9434443019478763
348,n_crintipj_348,BE0W0Hrc9y,"Record(name=n_crintipj_348, code=BE0W0Hrc9y)",0.9310566356028501
349,n_ftcvcibu_349,DnXOsXAHmy,"Record(name=n_ftcvcibu_349, code=DnXOsXAHmy)",0.8675682585112517
350,n_qlteaswo_350,n7UC6HMVAJ,"Record(name=n_qlteaswo_350, code=n7UC6HMVAJ)",0.9180171462638017
351,n_qnjddrhl_351,tZdmzZOpLz,"Record(name=n_qnjddrhl_351, code=tZdmzZOpLz)",0.9298804917309549
352,n_cegvmolq_352,cjiqXOk07E,"Record(name=n_cegvmolq_352, code=cjiqXOk07E)",0.9363144557136093
353,n_awcpwxkj_353,Of6SigT5GZ,"Record(name=n_awcpwxkj_353, code=Of6SigT5GZ)",0.9184813523099875
354,n_yygwgdui_354,KyUoAik8Bp,"Record(name=n_yygwgdui_354, code=KyUoAik8Bp)",0.9038874645629982
355,n_pmjyilrz_355,26wSYb7L0P,"Record(name=n_pmjyilrz_355, code=26wSYb7L0P)",0.9333863062127268
356,n_yrugoiyj_356,Yh11y4y8pf,"Record(name=n_yrugoiyj_356, code=Yh11y4y8pf)",0.9371804718178206
357,n_vgfxxqwt_357,zc1Z6Dz0S2,"Record(name=n_vgfxxqwt_357, code=zc1Z6Dz0S2)",0.937410506163893
358,n_vvsnjpvt_358,CbdNNXiyMt,"Record(name=n_vvsnjpvt_358, code=CbdNNXiyMt)",0.9184344226109787
359,n_cenzvtwr_359,XtDTqQZXmz,"Record(name=n_cenzvtwr_359, code=XtDTqQZXmz)",0.9365869025692025
360,n_ewywfyyq_360,M48mRkyAqf,"Record(name=n_ewywfyyq_360, code=M48mRkyAqf)",0.9131981169482292
361,n_jydslxlr_361,hSl1WrEi1L,"Record(name=n_jydslxlr_361, code=hSl1WrEi1L)",0.9426818218334778
362,n_zhrkkdhg_362,M4wQCaiuQQ,"Record(name=n_zhrkkdhg_362, code=M4wQCaiuQQ)",0.9187486061746947
363,n_sstgcbig_363,4967LUcpMs,"Record(name=n_sstgcbig_363, code=4967LUcpMs)",0.92472379218565
364,n_kjzopgny_364,2itGihch2Z,"Record(name=n_kjzopgny_364, code=2itGihch2Z)",0.9038804068166483
365,n_tyhwptgi_365,3t9Vj0OXdj,"Record(name=n_tyhwptgi_365, code=3t9Vj0OXdj)",0.9130955270031644
366,n_fagslzyb_366,wREE01hf1l,"Record(name=n_fagslzyb_366, code=wREE01hf1l)",0.9265497641053102
367,n_enhxppzn_367,JzeVP3bQQy,"Record(name=n_enhxppzn_367, code=JzeVP3bQQy)",0.9068285812095211
368,n_pyvdcvrl_368,7Ka8O6uTT7,"Record(name=n_pyvdcvrl_368, code=7Ka8O6uTT7)",0.8981638165096956
369,n_ofbqibby_369,xyl71f0kWr,"Record(name=n_ofbqibby_369, code=xyl71f0kWr)",0.9201632171741263
370,n_trdmluir_370,iPZFE2DIAU,"Record(name=n_trdmluir_370, code=iPZFE2DIAU)",0.9106764430564973
371,n_vpllbimf_371,QjENGsB4Dj,"Record(name=n_vpllbimf_371, code=QjENGsB4Dj)",0.9189913546083434
372,n_dxvnhbbb_372,gAfOJppfFh,"Record(name=n_dxvnhbbb_372, code=gAfOJppfFh)",0.9215636295943549
373,n_reekcwhp_373,CPMq72llUL,"Record(name=n_reekcwhp_373, code=CPMq72llUL)",0.9280075576290049
374,n_wcnademr_374,17LEM8wPQy,"Record(name=n_wcnademr_374, code=17LEM8wPQy)",0.9315352459518919
375,n_hdacazwf_375,OOBMWlsCDb,"Record(name=n_hdacazwf_375, code=OOBMWlsCDb)",0.91225616335904
376,n_edszmwpf_376,JZdaNS80TK,"Record(name=n_edszmwpf_376, code=JZdaNS80TK)",0.9253999546677683
377,n_ohmmpprv_377,ESGAtd3zDE,"Record(name=n_ohmmpprv_377, code=ESGAtd3zDE)",0.9291986259140766
378,n_yjsaheig_378,n4vL0OisS7,"Record(name=n_yjsaheig_378, code=n4vL0OisS7)",0.9373781353363768
379,n_vrtuuvqh_379,UPimLgz9sm,"Record(name=n_vrtuuvqh_379, code=UPimLgz9sm)",0.9078254211506727
380,n_bawjevxa_380,dAMhnpvwc2,"Record(name=n_bawjevxa_380, code=dAMhnpvwc2)",0.9417009434224276
381,n_gdrnrsyl_381,C0ggLW6Zcg,"Record(name=n_gdrnrsyl_381, code=C0ggLW6Zcg)",0.9302612705932757
382,n_qwxehlnt_382,gOui0BzVpY,"Record(name=n_qwxehlnt_382, code=gOui0BzVpY)",0.923411826019638
383,n_incjtjrd_383,UAoXzzC0Xw,"Record(name=n_incjtjrd_383, code=UAoXzzC0Xw)",0.9379831393720415
384,n_adauyciz_384,kdVON3dNSO,"Record(name=n_adauyciz_384, code=kdVON3dNSO)",0.9280546871690996
385,n_nhkrohtx_385,arG5RBmHWO,"Record(name=n_nhkrohtx_385, code=arG5RBmHWO)",0.9427145461228709
386,n_sxukfhai_386,STh9rfIGUj,"Record(name=n_sxukfhai_386, code=STh9rfIGUj)",0.9348308318428266
387,n_aupguszc_387,dxMvcOhsTC,"Record(name=n_aupguszc_387, code=dxMvcOhsTC)",0.8990197529951577
388,n_zuzoxqnp_388,vrWSPSGpuK,"Record(name=n_zuzoxqnp_388, code=vrWSPSGpuK)",0.9260991462257742
389,n_vjcsvcbx_389,DBwGKGyqEA,"Record(name=n_vjcsvcbx_389, code=DBwGKGyqEA)",0.8941212941859665
390,n_lymzvdds_390,iR1hnDU6w7,"Record(name=n_lymzvdds_390, code=iR1hnDU6w7)",0.9324449731355471
391,n_pkdobdjz_391,sEXiKd33nY,"Record(name=n_pkdobdjz_391, code=sEXiKd33nY)",0.9377558186179025
392,n_mdjwkoox_392,WDSLVFCBB1,"Record(name=n_mdjwkoox_392, code=WDSLVFCBB1)",0.9341329076838705
393,n_iurkgkoy_393,3TO1RJXRIh,"Record(name=n_iurkgkoy_393, code=3TO1RJXRIh)",0.9028343272283654
394,n_ofqoboem_394,3h6lbWpR3B,"Record(name=n_ofqoboem_394, code=3h6lbWpR3B)",0.9188735316822825
395,n_upkbwalk_395,1tphgkipft,"Record(name=n_upkbwalk_395, code=1tphgkipft)",0.881541765170229
396,n_kepiabki_396,zuxZhmUKEU,"Record(name=n_kepiabki_396, code=zuxZhmUKEU)",0.9273075071755736
397,n_kcbmkmkg_397,2q7PpIWszf,"Record(name=n_kcbmkmkg_397, code=2q7PpIWszf)",0.8981901858238015
398,n_qfzjzunl_398,4CaCZr8a5D,"Record(name=n_qfzjzunl_398, code=4CaCZr8a5D)",0.8499330505221907
399,n_pvjjqpnb_399,TIsyhiIrAL,"Record(name=n_pvjjqpnb_399, code=TIsyhiIrAL)",0.9037588100274211
400,n_yirigtlg_400,8vCLaQOaD3,"Record(name=n_yirigtlg_400, code=8vCLaQOaD3)",0.9349958579477045
401,n_rkxstnuq_401,ebZPPvYZwk,"Record(name=n_rkxstnuq_401, code=ebZPPvYZwk)",0.9138265649388393
402,n_tsamylfa_402,r5wfMsSoEw,"Record(name=n_tsamylfa_402, code=r5wfMsSoEw)",0.9049837505536492
403,n_hxsffvkw_403,JEIOJQJehe,"Record(name=n_hxsffvkw_403, code=JEIOJQJehe)",0.9082274861903381
404,n_gofnuerz_404,QHpIC6N6d6,"Record(name=n_gofnuerz_404, code=QHpIC6N6d6)",0.9241075548740785
405,n_lzhrmjtw_405,nrABamfJbT,"Record(name=n_lzhrmjtw_405, code=nrABamfJbT)",0.9037944653095724
406,n_zlbgeiqc_406,DYKMupgovd,"Record(name=n_zlbgeiqc_406, code=DYKMupgovd)",0.8454363070182986
407,n_iuyuqtqp_407,fdct0eh4Bs,"Record(name=n_iuyuqtqp_407, code=fdct0eh4Bs)",0.9059982167520931
408,n_qbrohjct_408,oLOaxX2Mv6,"Record(name=n_qbrohjct_408, code=oLOaxX2Mv6)",0.9256696011868808
409,n_ulifcpbu_409,mJNpASBpXd,"Record(name=n_ulifcpbu_409, code=mJNpASBpXd)",0.9133554959318166
410,n_ilytixud_410,tvwaKQdFZ1,"Record(name=n_ilytixud_410, code=tvwaKQdFZ1)",0.9278484043271849
411,n_kffxuirs_411,8LuJ7MzkCW,"Record(name=n_kffxuirs_411, code=8LuJ7MzkCW)",0.8874863937480156
412,n_bfaffqgt_412,7uTml9webh,"Record(name=n_bfaffqgt_412, code=7uTml9webh)",0.8554488874446815
413,n_hfptbafe_413,2SvIlb04bQ,"Record(name=n_hfptbafe_413, code=2SvIlb04bQ)",0.905747892866833
414,n_jucyhgvr_414,68922ei5Xl,"Record(name=n_jucyhgvr_414, code=68922ei5Xl)",0.9017123589639037
415,n_jjpzgbqe_415,HWudX2082m,"Record(name=n_jjpzgbqe_415, code=HWudX2082m)",0.9137263088147778
416,n_cmrbntqn_416,ECtxRSEqy5,"Record(name=n_cmrbntqn_416, code=ECtxRSEqy5)",0.9266736325359757
417,n_paffwkhx_417,J6xIifBvKC,"Record(name=n_paffwkhx_417, code=J6xIifBvKC)",0.9171230392375888
418,n_qlmkuije_418,oOwf0FNW5g,"Record(name=n_qlmkuije_418, code=oOwf0FNW5g)",0.9296845583870297
419,n_baffihvr_419,rR99UT4asY,"Record(name=n_baffihvr_419, code=rR99UT4asY)",0.9310598354241209
420,n_ukkprmnt_420,jyoUDFWUSC,"Record(name=n_ukkprmnt_420, code=jyoUDFWUSC)",0.9450266897826125
421,n_uieusflo_421,xJh6aYZvzQ,"Record(name=n_uieusflo_421, code=xJh6aYZvzQ)",0.9329398316662453
422,n_kuniauxd_422,7uNLL18myH,"Record(name=n_kuniauxd_422, code=7uNLL18myH)",0.9167747420205877
423,n_ecolxcco_423,bQEle7roOe,"Record(name=n_ecolxcco_423, code=bQEle7roOe)",0.9310136552712978
424,n_bnewkecn_424,De71imARDL,"Record(name=n_bnewkecn_424, code=De71imARDL)",0.92213942494263
425,n_ypnrhadb_425,yYG42CJTr2,"Record(name=n_ypnrhadb_425, code=yYG42CJTr2)",0.9322732219864761
426,n_lsshpveg_426,3TC4lJy6o1,"Record(name=n_lsshpveg_426, code=3TC4lJy6o1)",0.9308769528345845
427,n_hqhxssfm_427,9I9egVuBpF,"Record(name=n_hqhxssfm_427, code=9I9egVuBpF)",0.9059025865631755
428,n_mbstjtwk_428,ah4uUEeIp6,"Record(name=n_mbstjtwk_428, code=ah4uUEeIp6)",0.9299108149692901
429,n_dvveachn_429,yeVPjwncPn,"Record(name=n_dvveachn_429, code=yeVPjwncPn)",0.9429165709163989
430,n_svvqsxki_430,daVV5xofA9,"Record(name=n_svvqsxki_430, code=daVV5xofA9)",0.947228566118707
431,n_ierfwuve_431,kzguIlmH6h,"Record(name=n_ierfwuve_431, code=kzguIlmH6h)",0.9152491582138168
432,n_fjekiklb_432,YOwensL8gH,"Record(name=n_fjekiklb_432, code=YOwensL8gH)",0.9353092654326092
433,n_zweypzsr_433,8RuN2t0DuL,"Record(name=n_zweypzsr_433, code=8RuN2t0DuL)",0.9279555146301035
434,n_pjqgpzgq_434,3tTUMdxsjm,"Record(name=n_pjqgpzgq_434, code=3tTUMdxsjm)",0.8398185578668068
435,n_aypytihq_435,VG8Orb0upH,"Record(name=n_aypytihq_435, code=VG8Orb0upH)",0.9087212299648224
436,n_xrgrspji_436,Ba1elNimfK,"Record(name=n_xrgrspji_436, code=Ba1elNimfK)",0.9156625592675712
437,n_vygcsisg_437,kprBNqWe8y,"Record(name=n_vygcsisg_437, code=kprBNqWe8y)",0.9328020197825637
438,n_elnttvua_438,x0V5KjTpCC,"Record(name=n_elnttvua_438, code=x0V5KjTpCC)",0.9165885343078591
439,n_jpbdmeea_439,FSE568xENK,"Record(name=n_jpbdmeea_439, code=FSE568xENK)",0.8533303693640851
440,n_kbxkoflg_440,4SFEQRO5Tp,"Record(name=n_kbxkoflg_440, code=4SFEQRO5Tp)",0.8988594919105408
441,n_avqrsqgl_441,QpL70aVN4y,"Record(name=n_avqrsqgl_441, code=QpL70aVN4y)",0.919645122945456
442,n_pxnekvgh_442,7Oxtz2TfNW,"Record(name=n_pxnekvgh_442, code=7Oxtz2TfNW)",0.8845229079915256
443,n_idtykizv_443,aeRGOTkxRm,"Record(name=n_idtykizv_443, code=aeRGOTkxRm)",0.9381248695992688
444,n_eylvebet_444,q3zMM1ksxr,"Record(name=n_eylvebet_444, code=q3zMM1ksxr)",0.8904155599636192
445,n_ipmrcbta_445,K9gGaL9V5D,"Record(name=n_ipmrcbta_445, code=K9gGaL9V5D)",0.9253616401507195
446,n_iljxzvyr_446,xdwugCRS3i,"Record(name=n_iljxzvyr_446, code=xdwugCRS3i)",0.9319715558350772
447,n_pwhsvjqr_447,Dzl97YbwcY,"Record(name=n_pwhsvjqr_447, code=Dzl97YbwcY)",0.9415028169770651
448,n_ilpkpcly_448,5914TsmiGJ,"Record(name=n_ilpkpcly_448, code=5914TsmiGJ)",0.9024398578462195
449,n_wnduhrow_449,kBhPonUOfA,"Record(name=n_wnduhrow_449, code=kBhPonUOfA)",0.8921931485970335
450,n_seyxtfgm_450,3hiHSfQ25V,"Record(name=n_seyxtfgm_450, code=3hiHSfQ25V)",0.9376703985973255
451,n_pqjstjqo_451,1YnhffT6Uh,"Record(name=n_pqjstjqo_451, code=1YnhffT6Uh)",0.9304177837097826
452,n_jwyoabnw_452,8twQXGLnyH,"Record(name=n_jwyoabnw_452, code=8twQXGLnyH)",0.9202772774683424
453,n_ldyvmlpd_453,PXRLt9h9RD,"Record(name=n_ldyvmlpd_453, code=PXRLt9h9RD)",0.9271499306310308
454,n_vmsjzivf_454,TYRd1lEy9O,"Record(name=n_vmsjzivf_454, code=TYRd1lEy9O)",0.9224439882481102
455,n_wzoirztk_455,GrRm1yiUJX,"Record(name=n_wzoirztk_455, code=GrRm1yiUJX)",0.9337822946492272
456,n_wsledshd_456,nUTaTJQ9j6,"Record(name=n_wsledshd_456, code=nUTaTJQ9j6)",0.9338796736926677
457,n_lvyczebz_457,OK8MzcoEQ7,"Record(name=n_lvyczebz_457, code=OK8MzcoEQ7)",0.9224635530323583
458,n_qjruruwq_458,rOwhfEPFbJ,"Record(name=n_qjruruwq_458, code=rOwhfEPFbJ)",0.9206423433301688
459,n_ohtuemql_459,Jgd4XlYbIH,"Record(name=n_ohtuemql_459, code=Jgd4XlYbIH)",0.904170514042488
460,n_vmnpsudt_460,73lLlIXhhm,"Record(name=n_vmnpsudt_460, code=73lLlIXhhm)",0.8975634494899277
461,n_eowaznjo_461,A6as6GWOBJ,"Record(name=n_eowaznjo_461, code=A6as6GWOBJ)",0.9278305736972783
462,n_snzjnfcv_462,olsZ7LnwhM,"Record(name=n_snzjnfcv_462, code=olsZ7LnwhM)",0.9297345764063709
463,n_bgjxkcgl_463,RHeT9RlxOY,"Record(name=n_bgjxkcgl_463, code=RHeT9RlxOY)",0.9016613218251118
464,n_pkdzlapc_464,hgHeNwuq1n,"Record(name=n_pkdzlapc_464, code=hgHeNwuq1n)",0.9448903986984847
465,n_ajzjcyes_465,tYEGR1IL3k,"Record(name=n_ajzjcyes_465, code=tYEGR1IL3k)",0.9188068544693759
466,n_ykitznpw_466,DhaFjhxTdS,"Record(name=n_ykitznpw_466, code=DhaFjhxTdS)",0.9024822892082112
467,n_zsgpsezu_467,FrA62Ys16z,"Record(name=n_zsgpsezu_467, code=FrA62Ys16z)",0.9062102746816145
468,n_iccsyebt_468,IE27AFTDF9,"Record(name=n_iccsyebt_468, code=IE27AFTDF9)",0.9301453985765208
469,n_xskqxtss_469,UpT6Z2GLL7,"Record(name=n_xskqxtss_469, code=UpT6Z2GLL7)",0.9427710641942135
470,n_rwnfbvny_470,Axxh4pHVhs,"Record(name=n_rwnfbvny_470, code=Axxh4pHVhs)",0.9085667642280064
471,n_hftofhyq_471,ZcCMEwMuva,"Record(name=n_hftofhyq_471, code=ZcCMEwMuva)",0.9297685508145543
472,n_xejcmcnd_472,hEjOoysAlY,"Record(name=n_xejcmcnd_472, code=hEjOoysAlY)",0.9404384240274649
473,n_clvejljw_473,mlcyU3jmDP,"Record(name=n_clvejljw_473, code=mlcyU3jmDP)",0.9296003756237543
474,n_gkousitw_474,F50yggbjFV,"Record(name=n_gkousitw_474, code=F50yggbjFV)",0.9193506802330091
475,n_griztlhm_475,VpjFpV19pY,"Record(name=n_griztlhm_475, code=VpjFpV19pY)",0.9408889662204035
476,n_fsvsnezp_476,Noic95AMfd,"Record(name=n_fsvsnezp_476, code=Noic95AMfd)",0.8992878075015109
477,n_khqgimnq_477,sqrvztccdU,"Record(name=n_khqgimnq_477, code=sqrvztccdU)",0.930974192889859
478,n_fmxceyjh_478,gaI1uTwWGx,"Record(name=n_fmxceyjh_478, code=gaI1uTwWGx)",0.9205909466576826
479,n_qfjxdtdp_479,4OlR5eHvS9,"Record(name=n_qfjxdtdp_479, code=4OlR5eHvS9)",0.9175606488800897
480,n_fsbeogww_480,483BS4ez5F,"Record(name=n_fsbeogww_480, code=483BS4ez5F)",0.8828044095319572
481,n_apsdbous_481,TyQ18kUxWy,"Record(name=n_apsdbous_481, code=TyQ18kUxWy)",0.9193480857454916
482,n_heefswul_482,RGsnRIkcoc,"Record(name=n_heefswul_482, code=RGsnRIkcoc)",0.9170501616338829
483,n_dwyhuqgv_483,HavLwfRISz,"Record(name=n_dwyhuqgv_483, code=HavLwfRISz)",0.9349919421489605
484,n_pibvvfze_484,8H8WWgUxO1,"Record(name=n_pibvvfze_484, code=8H8WWgUxO1)",0.9389931901450442
485,n_qovfgpvt_485,joTw3fll1l,"Record(name=n_qovfgpvt_485, code=joTw3fll1l)",0.9118874717379711
486,n_msqaeekp_486,eep48gGTYL,"Record(name=n_msqaeekp_486, code=eep48gGTYL)",0.9180605777047507
487,n_javtqbgc_487,iMa77gTuRm,"Record(name=n_javtqbgc_487, code=iMa77gTuRm)",0.903318587452497
488,n_moleiebr_488,MhZgsFZi4b,"Record(name=n_moleiebr_488, code=MhZgsFZi4b)",0.9249012172793699
489,n_ldrfwkwv_489,gkgg7wMh55,"Record(name=n_ldrfwkwv_489, code=gkgg7wMh55)",0.9224887302179298
490,n_xpenprdr_490,sYvg4P5YSe,"Record(name=n_xpenprdr_490, code=sYvg4P5YSe)",0.9304707767818436
491,n_aydriksu_491,DeJ7rf9lxt,"Record(name=n_aydriksu_491, code=DeJ7rf9lxt)",0.9284505713163772
492,n_lskuiurg_492,zEHHYxKAJQ,"Record(name=n_lskuiurg_492, code=zEHHYxKAJQ)",0.9254472329434824
493,n_tsgazaoy_493,5dv01Ysi08,"Record(name=n_tsgazaoy_493, code=5dv01Ysi08)",0.9286349952129891
494,n_xgvbdzsj_494,b7xRPeZ1bw,"Record(name=n_xgvbdzsj_494, code=b7xRPeZ1bw)",0.9113902354225286
495,n_ccovdett_495,RszuWRrj2b,"Record(name=n_ccovdett_495, code=RszuWRrj2b)",0.8668683501170982
496,n_tnavrwov_496,4FRAj8G8hn,"Record(name=n_tnavrwov_496, code=4FRAj8G8hn)",0.8812664465697146
497,n_qfetovvm_497,tNZkXOmgeL,"Record(name=n_qfetovvm_497, code=tNZkXOmgeL)",0.888160050824133
498,n_wahobpti_498,INcq8JIWct,"Record(name=n_wahobpti_498, code=INcq8JIWct)",0.9162295876971587
499,n_yajhkfts_499,8RgzTgYjKx,"Record(name=n_yajhkfts_499, code=8RgzTgYjKx)",0.9296746069851761
